<?xml version="1.0" encoding="UTF-8"?><database>
    <element attributes="live_feed=true" extends="task" label="Feedback" max_length="40" name="x_snc_feedbacknow_feedback" type="collection">
        <element choice="1" label="Category" max_length="40" name="category" type="choice">
            <choice>
                <element inactive_on_update="false" label="Health Issue" sequence="100" value="health_issue"/>
                <element inactive_on_update="false" label="Community Safety" sequence="200" value="community_safety"/>
                <element inactive_on_update="false" label="Environment Safety" sequence="300" value="env_safety"/>
                <element inactive_on_update="false" label="Physical Security" sequence="400" value="physical_security"/>
            </choice>
        </element>
        <element label="Date Received" max_length="40" name="date_received" type="glide_date"/>
        <element choice="3" default="Question" label="Type" max_length="40" name="type" type="choice">
            <choice>
                <element inactive_on_update="false" label="Request" sequence="100" value="request"/>
                <element inactive_on_update="false" label="Complaint" sequence="200" value="complaint"/>
                <element inactive_on_update="false" label="Kudos" sequence="300" value="kudos"/>
                <element inactive_on_update="false" label="Question" sequence="400" value="question"/>
            </choice>
        </element>
    </element>
</database>
