<?xml version="1.0" encoding="UTF-8"?><record_update sys_domain="global" table="sys_ui_module">
    <sys_ui_module action="INSERT_OR_UPDATE">
        <active>true</active>
        <application display_value="FeedbackNow">5e65d50213466300a88079304244b0f8</application>
        <filter/>
        <name>Feedback</name>
        <order/>
        <path/>
        <path_relative_to_root>false</path_relative_to_root>
        <roles>x_snc_feedbacknow.user</roles>
        <sys_class_name>sys_ui_module</sys_class_name>
        <sys_created_by>admin</sys_created_by>
        <sys_created_on>2018-11-29 16:02:45</sys_created_on>
        <sys_domain>global</sys_domain>
        <sys_domain_path>/</sys_domain_path>
        <sys_id>9a65d50213466300a88079304244b0fa</sys_id>
        <sys_mod_count>0</sys_mod_count>
        <sys_name>Feedback</sys_name>
        <sys_package display_value="FeedbackNow" source="x_snc_feedbacknow">656555ce13066300a88079304244b0c0</sys_package>
        <sys_policy/>
        <sys_scope display_value="FeedbackNow">656555ce13066300a88079304244b0c0</sys_scope>
        <sys_update_name>sys_ui_module_9a65d50213466300a88079304244b0fa</sys_update_name>
        <sys_updated_by>admin</sys_updated_by>
        <sys_updated_on>2018-11-29 16:02:45</sys_updated_on>
        <table>x_snc_feedbacknow_feedback</table>
        <uncancelable>false</uncancelable>
        <view_name/>
    </sys_ui_module>
</record_update>
