<?xml version="1.0" encoding="UTF-8"?><record_update>
    <sys_dictionary action="INSERT_OR_UPDATE" element="" extends="task" table="x_snc_feedbacknow_feedback">
        <active>true</active>
        <array>false</array>
        <array_denormalized>false</array_denormalized>
        <attributes>live_feed=true</attributes>
        <audit>false</audit>
        <calculation><![CDATA[(function calculatedFieldValue(current) {

	// Add your code here
	return '';  // return the calculated value

})(current);]]></calculation>
        <choice/>
        <choice_field/>
        <choice_table/>
        <column_label/>
        <comments/>
        <create_roles/>
        <default_value/>
        <defaultsort/>
        <delete_roles/>
        <dependent/>
        <dependent_on_field/>
        <display>false</display>
        <dynamic_creation>false</dynamic_creation>
        <dynamic_creation_script/>
        <dynamic_default_value/>
        <dynamic_ref_qual/>
        <element/>
        <element_reference>false</element_reference>
        <foreign_database/>
        <function_definition/>
        <function_field>false</function_field>
        <internal_type display_value="Collection">collection</internal_type>
        <mandatory>false</mandatory>
        <max_length>40</max_length>
        <name>x_snc_feedbacknow_feedback</name>
        <next_element/>
        <primary>false</primary>
        <read_only>false</read_only>
        <read_roles/>
        <reference/>
        <reference_cascade_rule/>
        <reference_floats>false</reference_floats>
        <reference_key/>
        <reference_qual/>
        <reference_qual_condition/>
        <reference_type/>
        <sizeclass/>
        <spell_check>false</spell_check>
        <staged>false</staged>
        <sys_class_name>sys_dictionary</sys_class_name>
        <sys_created_by>admin</sys_created_by>
        <sys_created_on>2018-11-29 16:02:43</sys_created_on>
        <sys_id>c265d50213466300a88079304244b0d3</sys_id>
        <sys_mod_count>1</sys_mod_count>
        <sys_name>x_snc_feedbacknow_feedback</sys_name>
        <sys_package display_value="FeedbackNow" source="x_snc_feedbacknow">656555ce13066300a88079304244b0c0</sys_package>
        <sys_policy/>
        <sys_scope display_value="FeedbackNow">656555ce13066300a88079304244b0c0</sys_scope>
        <sys_update_name>sys_dictionary_x_snc_feedbacknow_feedback_null</sys_update_name>
        <sys_updated_by>admin</sys_updated_by>
        <sys_updated_on>2018-11-29 16:02:45</sys_updated_on>
        <table_reference>false</table_reference>
        <text_index>false</text_index>
        <unique>false</unique>
        <use_dependent_field>false</use_dependent_field>
        <use_dynamic_default>false</use_dynamic_default>
        <use_reference_qualifier>simple</use_reference_qualifier>
        <virtual>false</virtual>
        <widget/>
        <write_roles/>
        <xml_view>false</xml_view>
    </sys_dictionary>
</record_update>
