<?xml version="1.0" encoding="UTF-8"?><record_update>
    <sys_choice action="INSERT_OR_UPDATE" field="category" table="x_snc_feedbacknow_feedback" version="3">
        <sys_choice action="INSERT_OR_UPDATE">
            <dependent_value/>
            <element>category</element>
            <hint/>
            <inactive>false</inactive>
            <label>Health Issue</label>
            <language>en</language>
            <name>x_snc_feedbacknow_feedback</name>
            <sequence>100</sequence>
            <sys_created_by>admin</sys_created_by>
            <sys_created_on>2018-11-29 16:23:30</sys_created_on>
            <sys_domain>global</sys_domain>
            <sys_domain_path>/</sys_domain_path>
            <sys_id>eb1a9d0a13466300a88079304244b094</sys_id>
            <sys_mod_count>0</sys_mod_count>
            <sys_updated_by>admin</sys_updated_by>
            <sys_updated_on>2018-11-29 16:23:30</sys_updated_on>
            <value>health_issue</value>
        </sys_choice>
        <sys_choice action="INSERT_OR_UPDATE">
            <dependent_value/>
            <element>category</element>
            <hint/>
            <inactive>false</inactive>
            <label>Community Safety</label>
            <language>en</language>
            <name>x_snc_feedbacknow_feedback</name>
            <sequence>200</sequence>
            <sys_created_by>admin</sys_created_by>
            <sys_created_on>2018-11-29 16:23:52</sys_created_on>
            <sys_domain>global</sys_domain>
            <sys_domain_path>/</sys_domain_path>
            <sys_id>0f2a9d0a13466300a88079304244b0ff</sys_id>
            <sys_mod_count>0</sys_mod_count>
            <sys_updated_by>admin</sys_updated_by>
            <sys_updated_on>2018-11-29 16:23:52</sys_updated_on>
            <value>community_safety</value>
        </sys_choice>
        <sys_choice action="INSERT_OR_UPDATE">
            <dependent_value/>
            <element>category</element>
            <hint/>
            <inactive>false</inactive>
            <label>Environment Safety</label>
            <language>en</language>
            <name>x_snc_feedbacknow_feedback</name>
            <sequence>300</sequence>
            <sys_created_by>admin</sys_created_by>
            <sys_created_on>2018-11-29 16:24:24</sys_created_on>
            <sys_domain>global</sys_domain>
            <sys_domain_path>/</sys_domain_path>
            <sys_id>8d4a9d0a13466300a88079304244b042</sys_id>
            <sys_mod_count>0</sys_mod_count>
            <sys_updated_by>admin</sys_updated_by>
            <sys_updated_on>2018-11-29 16:24:24</sys_updated_on>
            <value>env_safety</value>
        </sys_choice>
        <sys_choice action="INSERT_OR_UPDATE">
            <dependent_value/>
            <element>category</element>
            <hint/>
            <inactive>false</inactive>
            <label>Physical Security</label>
            <language>en</language>
            <name>x_snc_feedbacknow_feedback</name>
            <sequence>400</sequence>
            <sys_created_by>admin</sys_created_by>
            <sys_created_on>2018-11-29 16:24:47</sys_created_on>
            <sys_domain>global</sys_domain>
            <sys_domain_path>/</sys_domain_path>
            <sys_id>d06a514a13466300a88079304244b032</sys_id>
            <sys_mod_count>0</sys_mod_count>
            <sys_updated_by>admin</sys_updated_by>
            <sys_updated_on>2018-11-29 16:24:47</sys_updated_on>
            <value>physical_security</value>
        </sys_choice>
        <sys_choice_set action="INSERT_OR_UPDATE">
            <element>category</element>
            <name>x_snc_feedbacknow_feedback</name>
            <sys_class_name>sys_choice_set</sys_class_name>
            <sys_created_by>admin</sys_created_by>
            <sys_created_on>2018-11-29 16:23:30</sys_created_on>
            <sys_id>d62a9d0a13466300a88079304244b03a</sys_id>
            <sys_mod_count>0</sys_mod_count>
            <sys_name>category</sys_name>
            <sys_package display_value="FeedbackNow" source="x_snc_feedbacknow">656555ce13066300a88079304244b0c0</sys_package>
            <sys_policy/>
            <sys_scope display_value="FeedbackNow">656555ce13066300a88079304244b0c0</sys_scope>
            <sys_update_name>sys_choice_x_snc_feedbacknow_feedback_category</sys_update_name>
            <sys_updated_by>admin</sys_updated_by>
            <sys_updated_on>2018-11-29 16:23:30</sys_updated_on>
        </sys_choice_set>
    </sys_choice>
</record_update>
