<?xml version="1.0" encoding="UTF-8"?><record_update sys_domain="global" table="sys_app_application">
    <sys_app_application action="INSERT_OR_UPDATE">
        <active>true</active>
        <category/>
        <description/>
        <device_type>browser</device_type>
        <hint/>
        <name>FeedbackNow</name>
        <order/>
        <roles>x_snc_feedbacknow.user</roles>
        <sys_class_name>sys_app_application</sys_class_name>
        <sys_created_by>admin</sys_created_by>
        <sys_created_on>2018-11-29 16:02:42</sys_created_on>
        <sys_domain>global</sys_domain>
        <sys_domain_path>/</sys_domain_path>
        <sys_id>2d65950213466300a88079304244b0f8</sys_id>
        <sys_mod_count>1</sys_mod_count>
        <sys_name>FeedbackNow</sys_name>
        <sys_overrides/>
        <sys_package display_value="FeedbackNow" source="x_snc_feedbacknow">656555ce13066300a88079304244b0c0</sys_package>
        <sys_policy/>
        <sys_scope display_value="FeedbackNow">656555ce13066300a88079304244b0c0</sys_scope>
        <sys_update_name>sys_app_application_2d65950213466300a88079304244b0f8</sys_update_name>
        <sys_updated_by>admin</sys_updated_by>
        <sys_updated_on>2018-11-29 16:02:42</sys_updated_on>
        <title>FeedbackNow</title>
        <view_name/>
    </sys_app_application>
</record_update>
