<?xml version="1.0" encoding="UTF-8"?><record_update table="sys_wizard_answer">
    <sys_wizard_answer action="INSERT_OR_UPDATE">
        <active>true</active>
        <answer>Feedback</answer>
        <button_label/>
        <dependent_value/>
        <element/>
        <name>Feedback</name>
        <next_question/>
        <order>100</order>
        <payload_name/>
        <question display_value="Task" name="Task">28e3c14613311300a88079304244b0e8</question>
        <roles/>
        <script/>
        <sys_class_name>sys_wizard_answer</sys_class_name>
        <sys_created_by>admin</sys_created_by>
        <sys_created_on>2018-11-29 16:02:44</sys_created_on>
        <sys_id>0e65d50213466300a88079304244b0d9</sys_id>
        <sys_mod_count>0</sys_mod_count>
        <sys_name>Feedback</sys_name>
        <sys_package display_value="FeedbackNow" source="x_snc_feedbacknow">656555ce13066300a88079304244b0c0</sys_package>
        <sys_policy/>
        <sys_scope display_value="FeedbackNow">656555ce13066300a88079304244b0c0</sys_scope>
        <sys_update_name>sys_wizard_answer_0e65d50213466300a88079304244b0d9</sys_update_name>
        <sys_updated_by>admin</sys_updated_by>
        <sys_updated_on>2018-11-29 16:02:44</sys_updated_on>
        <table/>
        <target_url>x_snc_feedbacknow_feedback.do</target_url>
        <type>1</type>
    </sys_wizard_answer>
</record_update>
