<?xml version="1.0" encoding="UTF-8"?><record_update table="sys_security_acl_role">
    <sys_security_acl_role action="INSERT_OR_UPDATE">
        <sys_class_name>sys_security_acl_role</sys_class_name>
        <sys_created_by>admin</sys_created_by>
        <sys_created_on>2018-11-29 16:02:43</sys_created_on>
        <sys_id>3565d50213466300a88079304244b0be</sys_id>
        <sys_mod_count>0</sys_mod_count>
        <sys_name>x_snc_feedbacknow_feedback.x_snc_feedbacknow.user</sys_name>
        <sys_package display_value="FeedbackNow" source="x_snc_feedbacknow">656555ce13066300a88079304244b0c0</sys_package>
        <sys_policy/>
        <sys_scope display_value="FeedbackNow">656555ce13066300a88079304244b0c0</sys_scope>
        <sys_security_acl display_value="x_snc_feedbacknow_feedback">3565d50213466300a88079304244b0ae</sys_security_acl>
        <sys_update_name>sys_security_acl_role_3565d50213466300a88079304244b0be</sys_update_name>
        <sys_updated_by>admin</sys_updated_by>
        <sys_updated_on>2018-11-29 16:02:43</sys_updated_on>
        <sys_user_role display_value="x_snc_feedbacknow.user" name="x_snc_feedbacknow.user">2d65950213466300a88079304244b0fb</sys_user_role>
        <transaction_id/>
    </sys_security_acl_role>
</record_update>
