<?xml version="1.0" encoding="UTF-8"?><record_update>
    <sys_documentation element="category" label="Category" language="en" table="x_snc_feedbacknow_feedback">
        <sys_documentation action="INSERT_OR_UPDATE">
            <element>category</element>
            <help/>
            <hint/>
            <label>Category</label>
            <language>en</language>
            <name>x_snc_feedbacknow_feedback</name>
            <plural>Categories</plural>
            <sys_class_name>sys_documentation</sys_class_name>
            <sys_created_by>admin</sys_created_by>
            <sys_created_on>2018-11-29 16:23:07</sys_created_on>
            <sys_id>7c1a5d0a13466300a88079304244b085</sys_id>
            <sys_mod_count>0</sys_mod_count>
            <sys_name>Category</sys_name>
            <sys_package display_value="FeedbackNow" source="x_snc_feedbacknow">656555ce13066300a88079304244b0c0</sys_package>
            <sys_policy/>
            <sys_scope display_value="FeedbackNow">656555ce13066300a88079304244b0c0</sys_scope>
            <sys_update_name>sys_documentation_x_snc_feedbacknow_feedback_category_en</sys_update_name>
            <sys_updated_by>admin</sys_updated_by>
            <sys_updated_on>2018-11-29 16:23:07</sys_updated_on>
            <url/>
            <url_target/>
        </sys_documentation>
    </sys_documentation>
</record_update>
