<?xml version="1.0" encoding="UTF-8"?><record_update>
    <sys_ui_section caption="" section_id="ec879d4213466300a88079304244b038" sys_domain="global" table="x_snc_feedbacknow_feedback" version="3" view="">
        <sys_ui_element action="INSERT_OR_UPDATE">
            <element>number</element>
            <position>0</position>
            <sys_created_by>admin</sys_created_by>
            <sys_created_on>2018-11-29 16:26:41</sys_created_on>
            <sys_id>c9ead58e13466300a88079304244b088</sys_id>
            <sys_mod_count>0</sys_mod_count>
            <sys_ui_formatter/>
            <sys_ui_section caption="NULL" display_value="" name="x_snc_feedbacknow_feedback" sys_domain="global" view="Default view">ec879d4213466300a88079304244b038</sys_ui_section>
            <sys_updated_by>admin</sys_updated_by>
            <sys_updated_on>2018-11-29 16:26:41</sys_updated_on>
            <sys_user/>
            <type/>
        </sys_ui_element>
        <sys_ui_element action="INSERT_OR_UPDATE">
            <element>type</element>
            <position>1</position>
            <sys_created_by>admin</sys_created_by>
            <sys_created_on>2018-11-29 16:26:41</sys_created_on>
            <sys_id>4dead58e13466300a88079304244b088</sys_id>
            <sys_mod_count>0</sys_mod_count>
            <sys_ui_formatter/>
            <sys_ui_section caption="NULL" display_value="" name="x_snc_feedbacknow_feedback" sys_domain="global" view="Default view">ec879d4213466300a88079304244b038</sys_ui_section>
            <sys_updated_by>admin</sys_updated_by>
            <sys_updated_on>2018-11-29 16:26:41</sys_updated_on>
            <sys_user/>
            <type/>
        </sys_ui_element>
        <sys_ui_element action="INSERT_OR_UPDATE">
            <element>category</element>
            <position>2</position>
            <sys_created_by>admin</sys_created_by>
            <sys_created_on>2018-11-29 16:26:41</sys_created_on>
            <sys_id>cdead58e13466300a88079304244b088</sys_id>
            <sys_mod_count>0</sys_mod_count>
            <sys_ui_formatter/>
            <sys_ui_section caption="NULL" display_value="" name="x_snc_feedbacknow_feedback" sys_domain="global" view="Default view">ec879d4213466300a88079304244b038</sys_ui_section>
            <sys_updated_by>admin</sys_updated_by>
            <sys_updated_on>2018-11-29 16:26:41</sys_updated_on>
            <sys_user/>
            <type/>
        </sys_ui_element>
        <sys_ui_element action="INSERT_OR_UPDATE">
            <element>date_received</element>
            <position>3</position>
            <sys_created_by>admin</sys_created_by>
            <sys_created_on>2018-11-29 16:26:41</sys_created_on>
            <sys_id>41ead58e13466300a88079304244b089</sys_id>
            <sys_mod_count>0</sys_mod_count>
            <sys_ui_formatter/>
            <sys_ui_section caption="NULL" display_value="" name="x_snc_feedbacknow_feedback" sys_domain="global" view="Default view">ec879d4213466300a88079304244b038</sys_ui_section>
            <sys_updated_by>admin</sys_updated_by>
            <sys_updated_on>2018-11-29 16:26:41</sys_updated_on>
            <sys_user/>
            <type/>
        </sys_ui_element>
        <sys_ui_element action="INSERT_OR_UPDATE">
            <element>active</element>
            <position>4</position>
            <sys_created_by>admin</sys_created_by>
            <sys_created_on>2018-11-29 16:26:41</sys_created_on>
            <sys_id>c1ead58e13466300a88079304244b089</sys_id>
            <sys_mod_count>0</sys_mod_count>
            <sys_ui_formatter/>
            <sys_ui_section caption="NULL" display_value="" name="x_snc_feedbacknow_feedback" sys_domain="global" view="Default view">ec879d4213466300a88079304244b038</sys_ui_section>
            <sys_updated_by>admin</sys_updated_by>
            <sys_updated_on>2018-11-29 16:26:41</sys_updated_on>
            <sys_user/>
            <type/>
        </sys_ui_element>
        <sys_ui_element action="INSERT_OR_UPDATE">
            <element>.split</element>
            <position>5</position>
            <sys_created_by>admin</sys_created_by>
            <sys_created_on>2018-11-29 16:26:41</sys_created_on>
            <sys_id>45ead58e13466300a88079304244b089</sys_id>
            <sys_mod_count>0</sys_mod_count>
            <sys_ui_formatter/>
            <sys_ui_section caption="NULL" display_value="" name="x_snc_feedbacknow_feedback" sys_domain="global" view="Default view">ec879d4213466300a88079304244b038</sys_ui_section>
            <sys_updated_by>admin</sys_updated_by>
            <sys_updated_on>2018-11-29 16:26:41</sys_updated_on>
            <sys_user/>
            <type>.split</type>
        </sys_ui_element>
        <sys_ui_element action="INSERT_OR_UPDATE">
            <element>priority</element>
            <position>6</position>
            <sys_created_by>admin</sys_created_by>
            <sys_created_on>2018-11-29 16:26:41</sys_created_on>
            <sys_id>c5ead58e13466300a88079304244b089</sys_id>
            <sys_mod_count>0</sys_mod_count>
            <sys_ui_formatter/>
            <sys_ui_section caption="NULL" display_value="" name="x_snc_feedbacknow_feedback" sys_domain="global" view="Default view">ec879d4213466300a88079304244b038</sys_ui_section>
            <sys_updated_by>admin</sys_updated_by>
            <sys_updated_on>2018-11-29 16:26:41</sys_updated_on>
            <sys_user/>
            <type/>
        </sys_ui_element>
        <sys_ui_element action="INSERT_OR_UPDATE">
            <element>state</element>
            <position>7</position>
            <sys_created_by>admin</sys_created_by>
            <sys_created_on>2018-11-29 16:26:41</sys_created_on>
            <sys_id>49ead58e13466300a88079304244b089</sys_id>
            <sys_mod_count>0</sys_mod_count>
            <sys_ui_formatter/>
            <sys_ui_section caption="NULL" display_value="" name="x_snc_feedbacknow_feedback" sys_domain="global" view="Default view">ec879d4213466300a88079304244b038</sys_ui_section>
            <sys_updated_by>admin</sys_updated_by>
            <sys_updated_on>2018-11-29 16:26:41</sys_updated_on>
            <sys_user/>
            <type/>
        </sys_ui_element>
        <sys_ui_element action="INSERT_OR_UPDATE">
            <element>parent</element>
            <position>8</position>
            <sys_created_by>admin</sys_created_by>
            <sys_created_on>2018-11-29 16:26:41</sys_created_on>
            <sys_id>c9ead58e13466300a88079304244b089</sys_id>
            <sys_mod_count>0</sys_mod_count>
            <sys_ui_formatter/>
            <sys_ui_section caption="NULL" display_value="" name="x_snc_feedbacknow_feedback" sys_domain="global" view="Default view">ec879d4213466300a88079304244b038</sys_ui_section>
            <sys_updated_by>admin</sys_updated_by>
            <sys_updated_on>2018-11-29 16:26:41</sys_updated_on>
            <sys_user/>
            <type/>
        </sys_ui_element>
        <sys_ui_element action="INSERT_OR_UPDATE">
            <element>assigned_to</element>
            <position>9</position>
            <sys_created_by>admin</sys_created_by>
            <sys_created_on>2018-11-29 16:26:41</sys_created_on>
            <sys_id>4dead58e13466300a88079304244b089</sys_id>
            <sys_mod_count>0</sys_mod_count>
            <sys_ui_formatter/>
            <sys_ui_section caption="NULL" display_value="" name="x_snc_feedbacknow_feedback" sys_domain="global" view="Default view">ec879d4213466300a88079304244b038</sys_ui_section>
            <sys_updated_by>admin</sys_updated_by>
            <sys_updated_on>2018-11-29 16:26:41</sys_updated_on>
            <sys_user/>
            <type/>
        </sys_ui_element>
        <sys_ui_element action="INSERT_OR_UPDATE">
            <element>assignment_group</element>
            <position>10</position>
            <sys_created_by>admin</sys_created_by>
            <sys_created_on>2018-11-29 16:26:41</sys_created_on>
            <sys_id>cdead58e13466300a88079304244b089</sys_id>
            <sys_mod_count>0</sys_mod_count>
            <sys_ui_formatter/>
            <sys_ui_section caption="NULL" display_value="" name="x_snc_feedbacknow_feedback" sys_domain="global" view="Default view">ec879d4213466300a88079304244b038</sys_ui_section>
            <sys_updated_by>admin</sys_updated_by>
            <sys_updated_on>2018-11-29 16:26:41</sys_updated_on>
            <sys_user/>
            <type/>
        </sys_ui_element>
        <sys_ui_element action="INSERT_OR_UPDATE">
            <element>.end_split</element>
            <position>11</position>
            <sys_created_by>admin</sys_created_by>
            <sys_created_on>2018-11-29 16:26:41</sys_created_on>
            <sys_id>41ead58e13466300a88079304244b08a</sys_id>
            <sys_mod_count>0</sys_mod_count>
            <sys_ui_formatter/>
            <sys_ui_section caption="NULL" display_value="" name="x_snc_feedbacknow_feedback" sys_domain="global" view="Default view">ec879d4213466300a88079304244b038</sys_ui_section>
            <sys_updated_by>admin</sys_updated_by>
            <sys_updated_on>2018-11-29 16:26:41</sys_updated_on>
            <sys_user/>
            <type>.end_split</type>
        </sys_ui_element>
        <sys_ui_element action="INSERT_OR_UPDATE">
            <element>short_description</element>
            <position>12</position>
            <sys_created_by>admin</sys_created_by>
            <sys_created_on>2018-11-29 16:26:41</sys_created_on>
            <sys_id>c1ead58e13466300a88079304244b08a</sys_id>
            <sys_mod_count>0</sys_mod_count>
            <sys_ui_formatter/>
            <sys_ui_section caption="NULL" display_value="" name="x_snc_feedbacknow_feedback" sys_domain="global" view="Default view">ec879d4213466300a88079304244b038</sys_ui_section>
            <sys_updated_by>admin</sys_updated_by>
            <sys_updated_on>2018-11-29 16:26:41</sys_updated_on>
            <sys_user/>
            <type/>
        </sys_ui_element>
        <sys_ui_element action="INSERT_OR_UPDATE">
            <element>description</element>
            <position>13</position>
            <sys_created_by>admin</sys_created_by>
            <sys_created_on>2018-11-29 16:26:41</sys_created_on>
            <sys_id>45ead58e13466300a88079304244b08a</sys_id>
            <sys_mod_count>0</sys_mod_count>
            <sys_ui_formatter/>
            <sys_ui_section caption="NULL" display_value="" name="x_snc_feedbacknow_feedback" sys_domain="global" view="Default view">ec879d4213466300a88079304244b038</sys_ui_section>
            <sys_updated_by>admin</sys_updated_by>
            <sys_updated_on>2018-11-29 16:26:41</sys_updated_on>
            <sys_user/>
            <type/>
        </sys_ui_element>
        <sys_ui_element action="INSERT_OR_UPDATE">
            <element>work_notes</element>
            <position>14</position>
            <sys_created_by>admin</sys_created_by>
            <sys_created_on>2018-11-29 16:26:41</sys_created_on>
            <sys_id>c5ead58e13466300a88079304244b08a</sys_id>
            <sys_mod_count>0</sys_mod_count>
            <sys_ui_formatter/>
            <sys_ui_section caption="NULL" display_value="" name="x_snc_feedbacknow_feedback" sys_domain="global" view="Default view">ec879d4213466300a88079304244b038</sys_ui_section>
            <sys_updated_by>admin</sys_updated_by>
            <sys_updated_on>2018-11-29 16:26:41</sys_updated_on>
            <sys_user/>
            <type/>
        </sys_ui_element>
        <sys_ui_section action="INSERT_OR_UPDATE">
            <caption/>
            <header>false</header>
            <name>x_snc_feedbacknow_feedback</name>
            <roles/>
            <sys_class_name>sys_ui_section</sys_class_name>
            <sys_created_by>admin</sys_created_by>
            <sys_created_on>2018-11-29 16:11:55</sys_created_on>
            <sys_domain>global</sys_domain>
            <sys_domain_path>/</sys_domain_path>
            <sys_id>ec879d4213466300a88079304244b038</sys_id>
            <sys_mod_count>0</sys_mod_count>
            <sys_name>x_snc_feedbacknow_feedback</sys_name>
            <sys_overrides/>
            <sys_package display_value="FeedbackNow" source="x_snc_feedbacknow">656555ce13066300a88079304244b0c0</sys_package>
            <sys_policy/>
            <sys_scope display_value="FeedbackNow">656555ce13066300a88079304244b0c0</sys_scope>
            <sys_update_name>sys_ui_section_ec879d4213466300a88079304244b038</sys_update_name>
            <sys_updated_by>admin</sys_updated_by>
            <sys_updated_on>2018-11-29 16:11:55</sys_updated_on>
            <sys_user/>
            <title>true</title>
            <view display_value="Default view" name="NULL">Default view</view>
            <view_name/>
        </sys_ui_section>
    </sys_ui_section>
</record_update>
