<?xml version="1.0" encoding="UTF-8"?><record_update table="sys_security_acl">
    <sys_security_acl action="INSERT_OR_UPDATE">
        <active>true</active>
        <admin_overrides>true</admin_overrides>
        <advanced>false</advanced>
        <condition/>
        <description>Default access control on x_snc_feedbacknow_feedback</description>
        <name>x_snc_feedbacknow_feedback</name>
        <operation display_value="delete">delete</operation>
        <script/>
        <sys_class_name>sys_security_acl</sys_class_name>
        <sys_created_by>admin</sys_created_by>
        <sys_created_on>2018-11-29 16:02:43</sys_created_on>
        <sys_id>4265d50213466300a88079304244b0cb</sys_id>
        <sys_mod_count>0</sys_mod_count>
        <sys_name>x_snc_feedbacknow_feedback</sys_name>
        <sys_package display_value="FeedbackNow" source="x_snc_feedbacknow">656555ce13066300a88079304244b0c0</sys_package>
        <sys_policy/>
        <sys_scope display_value="FeedbackNow">656555ce13066300a88079304244b0c0</sys_scope>
        <sys_update_name>sys_security_acl_4265d50213466300a88079304244b0cb</sys_update_name>
        <sys_updated_by>admin</sys_updated_by>
        <sys_updated_on>2018-11-29 16:02:43</sys_updated_on>
        <type display_value="record">record</type>
    </sys_security_acl>
</record_update>
