<?xml version="1.0" encoding="UTF-8"?><record_update table="sys_number">
    <sys_number action="INSERT_OR_UPDATE">
        <category display_value="" name="x_snc_feedbacknow_feedback">x_snc_feedbacknow_feedback</category>
        <maximum_digits>8</maximum_digits>
        <number>1000</number>
        <prefix>FEED</prefix>
        <sys_class_name>sys_number</sys_class_name>
        <sys_created_by>admin</sys_created_by>
        <sys_created_on>2018-11-29 16:02:45</sys_created_on>
        <sys_id>1265d50213466300a88079304244b0ef</sys_id>
        <sys_mod_count>0</sys_mod_count>
        <sys_name>FEED</sys_name>
        <sys_package display_value="FeedbackNow" source="x_snc_feedbacknow">656555ce13066300a88079304244b0c0</sys_package>
        <sys_policy/>
        <sys_scope display_value="FeedbackNow">656555ce13066300a88079304244b0c0</sys_scope>
        <sys_update_name>sys_number_1265d50213466300a88079304244b0ef</sys_update_name>
        <sys_updated_by>admin</sys_updated_by>
        <sys_updated_on>2018-11-29 16:02:45</sys_updated_on>
    </sys_number>
</record_update>
