<?xml version="1.0" encoding="UTF-8"?><record_update>
    <sys_documentation element="type" label="Type" language="en" table="x_snc_feedbacknow_feedback">
        <sys_documentation action="INSERT_OR_UPDATE">
            <element>type</element>
            <help/>
            <hint/>
            <label>Type</label>
            <language>en</language>
            <name>x_snc_feedbacknow_feedback</name>
            <plural>Types</plural>
            <sys_class_name>sys_documentation</sys_class_name>
            <sys_created_by>admin</sys_created_by>
            <sys_created_on>2018-11-29 16:14:03</sys_created_on>
            <sys_id>fff7d58213466300a88079304244b0d5</sys_id>
            <sys_mod_count>0</sys_mod_count>
            <sys_name>Type</sys_name>
            <sys_package display_value="FeedbackNow" source="x_snc_feedbacknow">656555ce13066300a88079304244b0c0</sys_package>
            <sys_policy/>
            <sys_scope display_value="FeedbackNow">656555ce13066300a88079304244b0c0</sys_scope>
            <sys_update_name>sys_documentation_x_snc_feedbacknow_feedback_type_en</sys_update_name>
            <sys_updated_by>admin</sys_updated_by>
            <sys_updated_on>2018-11-29 16:14:03</sys_updated_on>
            <url/>
            <url_target/>
        </sys_documentation>
    </sys_documentation>
</record_update>
