<?xml version="1.0" encoding="UTF-8"?><record_update>
    <sys_choice action="INSERT_OR_UPDATE" field="type" table="x_snc_feedbacknow_feedback" version="3">
        <sys_choice action="INSERT_OR_UPDATE">
            <dependent_value/>
            <element>type</element>
            <hint/>
            <inactive>false</inactive>
            <label>Request</label>
            <language>en</language>
            <name>x_snc_feedbacknow_feedback</name>
            <sequence>100</sequence>
            <sys_created_by>admin</sys_created_by>
            <sys_created_on>2018-11-29 16:14:29</sys_created_on>
            <sys_domain>global</sys_domain>
            <sys_domain_path>/</sys_domain_path>
            <sys_id>9e08198213466300a88079304244b0b8</sys_id>
            <sys_mod_count>0</sys_mod_count>
            <sys_updated_by>admin</sys_updated_by>
            <sys_updated_on>2018-11-29 16:14:29</sys_updated_on>
            <value>request</value>
        </sys_choice>
        <sys_choice action="INSERT_OR_UPDATE">
            <dependent_value/>
            <element>type</element>
            <hint/>
            <inactive>false</inactive>
            <label>Complaint</label>
            <language>en</language>
            <name>x_snc_feedbacknow_feedback</name>
            <sequence>200</sequence>
            <sys_created_by>admin</sys_created_by>
            <sys_created_on>2018-11-29 16:14:46</sys_created_on>
            <sys_domain>global</sys_domain>
            <sys_domain_path>/</sys_domain_path>
            <sys_id>5c28198213466300a88079304244b06c</sys_id>
            <sys_mod_count>0</sys_mod_count>
            <sys_updated_by>admin</sys_updated_by>
            <sys_updated_on>2018-11-29 16:14:46</sys_updated_on>
            <value>complaint</value>
        </sys_choice>
        <sys_choice action="INSERT_OR_UPDATE">
            <dependent_value/>
            <element>type</element>
            <hint/>
            <inactive>false</inactive>
            <label>Kudos</label>
            <language>en</language>
            <name>x_snc_feedbacknow_feedback</name>
            <sequence>300</sequence>
            <sys_created_by>admin</sys_created_by>
            <sys_created_on>2018-11-29 16:14:58</sys_created_on>
            <sys_domain>global</sys_domain>
            <sys_domain_path>/</sys_domain_path>
            <sys_id>0328998213466300a88079304244b00d</sys_id>
            <sys_mod_count>0</sys_mod_count>
            <sys_updated_by>admin</sys_updated_by>
            <sys_updated_on>2018-11-29 16:14:58</sys_updated_on>
            <value>kudos</value>
        </sys_choice>
        <sys_choice action="INSERT_OR_UPDATE">
            <dependent_value/>
            <element>type</element>
            <hint/>
            <inactive>false</inactive>
            <label>Question</label>
            <language>en</language>
            <name>x_snc_feedbacknow_feedback</name>
            <sequence>400</sequence>
            <sys_created_by>admin</sys_created_by>
            <sys_created_on>2018-11-29 16:15:08</sys_created_on>
            <sys_domain>global</sys_domain>
            <sys_domain_path>/</sys_domain_path>
            <sys_id>bd38998213466300a88079304244b0e1</sys_id>
            <sys_mod_count>0</sys_mod_count>
            <sys_updated_by>admin</sys_updated_by>
            <sys_updated_on>2018-11-29 16:15:08</sys_updated_on>
            <value>question</value>
        </sys_choice>
        <sys_choice_set action="INSERT_OR_UPDATE">
            <element>type</element>
            <name>x_snc_feedbacknow_feedback</name>
            <sys_class_name>sys_choice_set</sys_class_name>
            <sys_created_by>admin</sys_created_by>
            <sys_created_on>2018-11-29 16:14:29</sys_created_on>
            <sys_id>5218198213466300a88079304244b07f</sys_id>
            <sys_mod_count>0</sys_mod_count>
            <sys_name>type</sys_name>
            <sys_package display_value="FeedbackNow" source="x_snc_feedbacknow">656555ce13066300a88079304244b0c0</sys_package>
            <sys_policy/>
            <sys_scope display_value="FeedbackNow">656555ce13066300a88079304244b0c0</sys_scope>
            <sys_update_name>sys_choice_x_snc_feedbacknow_feedback_type</sys_update_name>
            <sys_updated_by>admin</sys_updated_by>
            <sys_updated_on>2018-11-29 16:14:29</sys_updated_on>
        </sys_choice_set>
    </sys_choice>
</record_update>
