<?xml version="1.0" encoding="UTF-8"?><record_update table="sys_db_object">
    <sys_db_object action="INSERT_OR_UPDATE">
        <access>public</access>
        <actions_access>false</actions_access>
        <alter_access>false</alter_access>
        <client_scripts_access>false</client_scripts_access>
        <configuration_access>false</configuration_access>
        <create_access>false</create_access>
        <create_access_controls>true</create_access_controls>
        <delete_access>false</delete_access>
        <extension_model/>
        <is_extendable>true</is_extendable>
        <label>Feedback</label>
        <live_feed_enabled>true</live_feed_enabled>
        <name>x_snc_feedbacknow_feedback</name>
        <number_ref display_value="FEED">1265d50213466300a88079304244b0ef</number_ref>
        <provider_class/>
        <read_access>true</read_access>
        <super_class display_value="Task" name="task">a8e3c14613311300a88079304244b0e7</super_class>
        <sys_class_code/>
        <sys_class_name>sys_db_object</sys_class_name>
        <sys_class_path/>
        <sys_created_by>admin</sys_created_by>
        <sys_created_on>2018-11-29 16:02:42</sys_created_on>
        <sys_id>a56555ce13066300a88079304244b0c0</sys_id>
        <sys_mod_count>1</sys_mod_count>
        <sys_name>Feedback</sys_name>
        <sys_package display_value="FeedbackNow" source="x_snc_feedbacknow">656555ce13066300a88079304244b0c0</sys_package>
        <sys_policy/>
        <sys_scope display_value="FeedbackNow">656555ce13066300a88079304244b0c0</sys_scope>
        <sys_update_name>sys_db_object_a56555ce13066300a88079304244b0c0</sys_update_name>
        <sys_updated_by>admin</sys_updated_by>
        <sys_updated_on>2018-11-29 16:02:45</sys_updated_on>
        <update_access>false</update_access>
        <user_role display_value="x_snc_feedbacknow.user" name="x_snc_feedbacknow.user">2d65950213466300a88079304244b0fb</user_role>
        <ws_access>true</ws_access>
    </sys_db_object>
</record_update>
