<?xml version="1.0" encoding="UTF-8"?><record_update sys_domain="global" table="sys_app_module">
    <sys_app_module action="INSERT_OR_UPDATE">
        <active>true</active>
        <application display_value="FeedbackNow">2d65950213466300a88079304244b0f8</application>
        <assessment/>
        <content_page/>
        <device_type/>
        <filter/>
        <hint/>
        <homepage/>
        <image/>
        <link_type>LIST</link_type>
        <map_page/>
        <mobile_title>Feedback</mobile_title>
        <mobile_view_name>Mobile</mobile_view_name>
        <name>x_snc_feedbacknow_feedback</name>
        <order/>
        <override_menu_roles>false</override_menu_roles>
        <query/>
        <report/>
        <roles>x_snc_feedbacknow.user</roles>
        <sys_class_name>sys_app_module</sys_class_name>
        <sys_created_by>admin</sys_created_by>
        <sys_created_on>2018-11-29 16:02:45</sys_created_on>
        <sys_domain>global</sys_domain>
        <sys_domain_path>/</sys_domain_path>
        <sys_id>1a65d50213466300a88079304244b0f6</sys_id>
        <sys_mod_count>0</sys_mod_count>
        <sys_name>Feedback</sys_name>
        <sys_overrides/>
        <sys_package display_value="FeedbackNow" source="x_snc_feedbacknow">656555ce13066300a88079304244b0c0</sys_package>
        <sys_policy/>
        <sys_scope display_value="FeedbackNow">656555ce13066300a88079304244b0c0</sys_scope>
        <sys_update_name>sys_app_module_1a65d50213466300a88079304244b0f6</sys_update_name>
        <sys_updated_by>admin</sys_updated_by>
        <sys_updated_on>2018-11-29 16:02:45</sys_updated_on>
        <timeline_page/>
        <title>Feedback</title>
        <uncancelable>false</uncancelable>
        <view_name/>
        <window_name/>
    </sys_app_module>
</record_update>
